<?xml version="1.0"?>
<config xmlns:xsi="http://www.w3.org/2001/XMLSchema-instance"
        xsi:noNamespaceSchemaLocation="urn:magento:framework:ObjectManager/etc/config.xsd">
    <type name="Magento\Checkout\Block\Checkout\LayoutProcessor">
        <plugin name="donation" type="Fidesio\Donation\Plugin\Model\Checkout\LayoutProcessorPlugin" sortOrder="1"/>
    </type>
    <preference for="Fidesio\Donation\Api\Donation\AjaxDonationSaveInterface"
                type="Fidesio\Donation\Model\Donation\AjaxDonationSaveManagement"/>
    <!-- Sync the column "donation" between the sales_order and sales_order_grid tables -->
    <virtualType name="Magento\Sales\Model\ResourceModel\Order\Grid" type="Magento\Sales\Model\ResourceModel\Grid">
        <arguments>
            <argument name="columns">
                <item name="donation" xsi:type="string">sales_order.donation</item>
            </argument>
        </arguments>
    </virtualType>
    <!-- Sync the column "donation" between the sales_invoice and sales_invoice_grid tables -->
    <virtualType name="Magento\Sales\Model\ResourceModel\Order\Invoice\Grid"
                 type="Magento\Sales\Model\ResourceModel\Grid">
        <arguments>
            <argument name="columns">
                <item name="donation" xsi:type="string">sales_invoice.donation</item>
            </argument>
        </arguments>
    </virtualType>
</config>
