<?xml version="1.0"?>
<config xmlns:xsi="http://www.w3.org/2001/XMLSchema-instance"
        xsi:noNamespaceSchemaLocation="urn:magento:framework:ObjectManager/etc/config.xsd">
    <!-- pass data to Kojs templates using ConfigProvider -->
    <type name="Magento\Checkout\Model\CompositeConfigProvider">
        <arguments>
            <argument name="configProviders" xsi:type="array">
                <item name="donation_config_provider" xsi:type="object">
                    Fidesio\Donation\Model\ConfigProvider\DonationConfigProvider
                </item>
            </argument>
        </arguments>
    </type>
</config>
